request_id,arrival_time,input_len,output_len,service_time,slo_deadline
0,5.435901552904456,426,363,1.4333,4.143396201334018
1,15.051953560487535,360,138,0.6836,1.0166034238984487
2,21.34006437865114,92,95,0.4254,0.5977780359939218
3,30.487293038893544,1297,1282,4.76605,16.947718917171084
4,34.07973135365353,635,285,1.2777500000000002,4.083780170979819
5,35.30465154270736,195,401,1.4509500000000002,4.834595735621248
6,38.08424568969472,555,67,0.54415,1.0275036516078877
7,47.6104301478393,522,97,0.6253,0.8476261294590117
8,50.97428783446044,618,308,1.3437000000000001,4.811082589039654
9,57.26862151377962,260,281,1.0962,2.0208888869020907
10,64.15032566544049,1944,789,3.4796,9.318445075219719
11,67.60355679864118,355,302,1.20615,1.941015290365696
12,72.68249815863636,1773,939,3.8826500000000004,6.741080609711982
13,84.41801492000056,938,1171,4.2493,6.94356016504231
14,93.44771883348943,176,46,0.3064,0.679150553551524
15,107.34626177684922,1079,763,3.00715,5.700006912406564
16,111.05891545915647,612,411,1.6706,3.6938243085986975
17,125.40896901760823,1878,839,3.6099,12.55431452913728
18,126.46423434622935,325,147,0.69665,1.291835986073357
19,129.58954654300553,488,304,1.2724,2.536570330293813
20,143.61427145882078,129,104,0.47085000000000005,0.6697192519811982
21,146.0944215830529,80,73,0.3496,0.4822476313121359
22,147.1169305707035,181,88,0.44305,1.2222606953488417
23,150.5298977923065,894,1273,4.5559,6.206175615501363
24,151.8326844231415,444,124,0.6766000000000001,1.8174601228233322
25,157.01085699741043,620,179,0.9318,1.568722961656124
26,166.05883716779658,1356,1024,3.967,6.552785669036065
27,166.64776351031864,323,349,1.34215,4.951995680097557
28,171.80797775488594,274,148,0.6769000000000001,1.8646086990182218
29,175.7041100908911,461,143,0.74505,2.034398924820806
30,176.08853796545887,300,54,0.38780000000000003,0.7344415206222331
31,179.51512598589207,254,146,0.6615,1.2633119052447692
32,181.97136540050198,273,141,0.65405,1.183451546428307
33,182.67940106504753,706,531,2.0969,4.493148075848617
34,195.23784295063666,216,389,1.4220000000000002,2.252950118605614
35,207.43991904753415,406,90,0.5507,1.1007537811152008
36,208.6140117454049,948,1272,4.577,11.078053943033046
37,215.75537370655633,577,274,1.21645,3.295240173428202
38,221.38992028511524,649,45,0.51605,0.7622908111142793
39,234.00005428911766,201,360,1.3224500000000001,2.228637916357454
40,234.73793855412202,599,68,0.56715,1.1191268387875337
41,244.93933143118505,457,260,1.11765,2.1259672616892558
42,260.1510680664288,435,339,1.36055,2.721156909892327
43,265.0286194520832,410,387,1.5029000000000001,4.726019122859216
44,276.9081753292196,139,346,1.24975,1.9831380750628826
45,284.6493580042358,503,383,1.5319500000000001,2.2422767710652014
46,287.40303364099486,463,44,0.42915000000000003,0.6226722700675626
47,288.00063482294166,138,342,1.2365,4.766832691816627
48,295.20396027876865,446,212,0.9591000000000001,1.8000772450376097
49,295.537586148892,712,513,2.0420000000000003,3.7145367597631807
50,295.7273553865636,1576,1212,4.6676,15.464638610381062
51,298.95373793183586,2149,650,3.12705,5.491617148613156
52,302.16727134523876,201,376,1.37365,1.929290051108296
53,305.95298893878385,1704,703,3.0964,6.153204617720439
54,314.55876721431207,1958,988,4.1227,12.079871636159334
55,323.67888460692916,242,180,0.7649000000000001,2.037261218094357
56,333.6861191551835,1085,1448,5.20185,12.244316795256832
57,336.40812609665215,492,295,1.2454,3.3348722121090355
58,343.4534584901574,96,379,1.336,2.767146505132135
59,346.07766173874074,2098,965,4.1121,6.085613984041042
60,347.8395939551018,441,308,1.2640500000000001,2.3180909472461373
61,356.72306233961774,1934,839,3.6351,9.755867222765993
62,358.405650188472,417,179,0.8404499999999999,1.8932405800764969
63,366.62835983166724,209,262,1.01245,1.5369444766632177
64,372.5623219408115,482,390,1.5449,3.6208589497354486
65,375.27543497739407,463,208,0.9539500000000001,2.7740990734531286
66,382.53810752227093,295,182,0.79515,1.2977948017974663
67,384.2230141278172,960,621,2.4992,3.705968003797008
68,386.5483341559533,205,326,1.2154500000000001,2.6163459267235214
69,388.58564072284673,491,246,1.08815,1.7135991255886658
70,390.0244604006316,501,236,1.0606499999999999,2.3442987505358985
71,390.9723749284363,505,235,1.05925,1.5988762345610756
72,399.08841043499655,2199,1074,4.50635,8.931821946482316
73,399.3380717282538,121,176,0.6976500000000001,2.4990351613490525
74,419.74852919051443,2150,485,2.5995,5.344243902681209
75,422.3943750260925,368,98,0.5591999999999999,1.777702715954836
76,430.51036403294705,139,345,1.24655,3.8041082403344286
77,431.14233294508074,793,1134,4.06565,14.90942959647483
78,432.46003800904674,1177,520,2.27365,3.9290054296463217
79,434.82438964317106,1913,766,3.3920500000000002,6.384794864155227
80,437.03557483108875,352,324,1.2752,1.99635963147457
81,440.0083396006651,162,235,0.9049,1.2825431994117769
82,441.7672737555698,1291,464,2.14575,2.9652710746407096
83,445.42234792408965,533,180,0.89585,1.444379526029648
84,449.7005530576492,783,1290,4.56035,7.30514932527385
85,449.7479264274447,579,133,0.7661500000000001,2.742088175729286
86,449.8749401543852,486,290,1.2267000000000001,3.178405923533035
87,457.22489204804185,308,54,0.3914,0.6309302450669004
88,458.8751044571241,1153,1406,5.09805,10.159590017910729
89,460.428444759314,672,934,3.3712000000000004,9.737134641293869
90,462.9733035971721,111,391,1.38115,2.8640680025226564
91,471.4403826568862,146,277,1.0321,1.9716681649884977
92,473.9804501434279,489,44,0.44084999999999996,0.8556423007975168
93,474.8290242234576,902,624,2.4827000000000004,8.48820931628933
94,475.54247036823614,888,1135,4.1116,10.318318442658068
95,476.63810651120417,533,102,0.64625,1.2108019870707674
96,478.1955376549813,362,339,1.3277,4.3869302812881035
97,479.2110168611532,568,383,1.5612,3.169819392756838
98,480.69423839367585,573,347,1.44825,2.5557212136860556
99,480.80064326222987,2057,1252,5.01205,11.909562415650738
100,482.8078015568706,100,292,1.0594000000000001,1.565295610298387
101,483.93326302605135,537,162,0.84005,1.4254280477548158
102,486.0095966148008,376,53,0.41879999999999995,1.463379971485696
103,487.4104823585598,99,313,1.12615,2.39232285931054
104,495.6550853666697,230,93,0.4811,1.0862081234974668
105,495.8778796783826,536,188,0.9228000000000001,1.5508111866764192
106,496.72264465723913,241,124,0.58525,1.7692031388301834
107,500.9382313233948,1607,1270,4.86715,18.987265664340615
108,503.2533258254384,122,294,1.0757,3.0594530514617677
109,513.1219818607279,246,322,1.2210999999999999,2.74895796024724
110,520.0745719060716,153,382,1.37125,2.606286509469916
111,520.2810604084765,250,203,0.8421000000000001,1.7837427608663343
112,523.8949205073399,520,114,0.6788000000000001,1.4007255417649003
113,524.6784756228984,1449,746,3.11925,8.539283088707702
114,527.7297452560839,573,397,1.60825,2.338912158054302
115,528.1668523756131,1085,687,2.76665,4.477282083648229
116,529.2252709092455,457,234,1.03445,1.9945980392393028
117,530.1432988889186,345,258,1.06085,4.134811799330276
118,535.7309312062653,171,193,0.7745500000000001,1.1989851090271493
119,537.8693920258498,203,294,1.1121500000000002,1.8642066716044938
120,541.6491094909368,303,199,0.8531500000000001,1.1554894511752354
121,543.354911612204,640,139,0.8128,1.5158170829580573
122,546.429254037721,2134,445,2.4643,4.329270248621185
123,549.1458879388775,817,1290,4.57565,6.808140926395065
124,550.4171391612069,592,300,1.3064,3.9059717280952593
125,557.6889312690772,481,176,0.85965,2.191141538131268
126,572.1025926202522,528,89,0.6024,1.2330126084853896
127,575.935082423572,413,283,1.17145,1.6286056818742747
128,583.1089990359309,371,297,1.1973500000000001,3.8856790534066508
129,584.9127316809614,575,71,0.56595,1.2680402607349432
130,586.2300202814887,817,636,2.48285,5.47069149162931
131,591.5434591856639,643,150,0.84935,1.4260015301291702
132,607.855912749412,380,217,0.9454,1.5997200844432533
133,610.575477333463,386,256,1.0729,3.2849316581031487
134,626.3605962100894,489,338,1.38165,4.413482442948218
135,626.3923822020668,1423,954,3.77315,9.995039561291186
136,626.635602229105,243,239,0.95415,1.4069081321798378
137,634.2992309255353,505,385,1.53925,3.127576891654958
138,634.8664035170815,236,68,0.40380000000000005,1.2312629351311364
139,643.3282856152194,676,1391,4.8354,9.42432001935778
140,645.2147585842881,817,1154,4.14045,7.126838916418918
141,671.7436804106663,1839,444,2.32835,4.182402429718973
142,676.8141853297232,381,215,0.9394500000000001,1.5721978283930231
143,676.8709781225056,134,69,0.36110000000000003,1.2816697526472194
144,684.3978168145647,2118,1398,5.5067,7.568652466809887
145,686.3507567740893,1142,916,3.5251,13.842683988679182
146,686.4485957142123,136,406,1.4404000000000001,3.1284567089439297
147,711.874639252948,1480,1175,4.506,14.554327972650277
148,716.3677831388225,1681,513,2.47805,4.6532241181831555
149,717.4899848540452,1950,1043,4.2951,8.927083136560942
150,719.5719958597576,557,238,1.09225,2.099484090308498
151,727.5591722330896,409,93,0.56165,1.6009745168621938
152,734.6027331631132,390,258,1.0811,4.003501227745167
153,740.4952876428789,145,306,1.12445,1.6391426493331676
154,751.1681155185018,406,417,1.5971,4.241511250349162
155,757.0574284155084,1589,1316,5.00625,11.10442750708952
156,758.8108061516077,489,385,1.53205,2.4967351741743142
157,759.169010772045,1763,801,3.43655,5.144031927908167
158,761.3337568170474,355,161,0.75495,1.1203304813193427
159,768.7823066452347,456,385,1.5171999999999999,3.3542146824668753
160,769.8006726862026,102,408,1.4315000000000002,2.642691699378007
161,778.9373164947682,397,310,1.25065,2.0692033933288054
162,786.6029745592588,1704,1430,5.4228000000000005,15.782547653142032
163,787.9841315181347,458,221,0.9933000000000001,2.165746663542433
164,802.7722638766367,1660,1249,4.8238,9.468372836896451
165,807.4199325965831,269,159,0.7098500000000001,2.70336476588237
166,815.9520573100025,1048,496,2.1388000000000003,3.9847634977392423
167,817.9431002216468,1252,1200,4.4834000000000005,9.757051697318413
168,825.6613822112329,1775,1257,4.90115,7.629698935411617
169,847.7689172073177,606,235,1.1047,1.9063698925254804
170,851.0151141536539,282,335,1.2789000000000001,4.351655071128645
171,852.6327432416908,374,160,0.7603,2.9843599383685047
172,865.3375412481082,430,340,1.3615000000000002,2.268343063372387
173,874.3868669728339,415,214,0.9515500000000001,1.4867674270007116
174,875.3886521454425,197,83,0.43425,1.3508259989325377
175,876.4448117738392,645,339,1.45505,4.87649511188896
176,877.674724365057,567,174,0.89195,2.455937062265304
177,882.0692116642484,600,348,1.4636000000000002,3.8723089615082165
178,884.404872038015,367,44,0.38595,0.5518949512637698
179,890.728907870702,610,291,1.2857,4.9758292244395275
180,891.9645633918773,226,374,1.3785,2.383758850784722
181,893.4350270254988,1767,429,2.24795,3.89058005892199
182,899.9787259301942,183,367,1.33675,3.1162955152579355
183,905.7796611046464,309,393,1.47665,4.634228843572376
184,911.2495650166825,1729,1244,4.838850000000001,12.400415815925511
185,914.5644004287977,2014,900,3.8663000000000003,5.3083984505984025
186,917.8071809858512,1927,748,3.34075,4.564317818642415
187,921.0817556521475,1940,937,3.9514,6.690605549610457
188,922.2007195820614,318,326,1.2663000000000002,2.337495757600003
189,924.1504678422964,501,96,0.61265,2.3419829901259828
190,928.4217438930585,457,165,0.81365,1.860640180244396
191,934.1111743520463,252,317,1.2078,4.635946119221899
192,934.2207170125065,896,452,1.9296000000000002,3.0934683537710366
193,936.4265446147112,515,308,1.29735,2.145366567946801
194,948.0953713435631,585,161,0.8584499999999999,3.075303618597345
195,951.5367191951215,510,258,1.1351,2.174976560372477
196,951.7165011924931,315,146,0.68895,0.9460610497899328
197,954.7823994935246,1104,1154,4.2696000000000005,13.858413872273822
198,959.3688148971946,241,415,1.51645,4.932316116013767
199,960.6349844735257,399,129,0.67235,0.948729442178857
200,969.6258082859332,2042,1209,4.8677,6.841134625950133
201,971.6094670798087,170,136,0.5917,1.962852170578786
202,973.843452307928,1734,650,2.9403,5.683348669143922
203,976.1132523910077,620,154,0.8518,1.7499014968381346
204,976.4462138189965,528,58,0.5032,0.7425000208710348
205,984.9294728562734,437,240,1.04465,1.9732801016510086
206,989.6464342931304,1258,903,3.5357000000000003,5.327129590067169
207,992.5530201155561,527,162,0.83555,1.7317872519497783
208,1008.8838546535394,2013,1247,4.97625,8.327488477402682
209,1019.3422746252741,565,334,1.40305,4.711084681207509
210,1020.26354933865,94,418,1.4599000000000002,2.768495279785902
211,1024.0938162808848,497,126,0.70685,1.6702331848113359
212,1024.1919562894702,534,120,0.7042999999999999,1.2619874956815589
213,1034.539446918518,626,396,1.6289000000000002,3.139026482449104
214,1034.7158264510306,611,289,1.27975,2.236208477054847
215,1036.7950793168056,2116,1025,4.312200000000001,16.88849456999617
216,1045.6877521968445,144,290,1.0728,2.7898984743773467
217,1047.9102782875175,1909,427,2.30545,4.786327753618617
218,1052.256944331017,1346,535,2.3977000000000004,4.148912613683724
219,1053.1857632884273,304,233,0.9624,3.0714356703505103
220,1054.758185411645,940,441,1.9142000000000001,2.7422615706632465
221,1056.8208112604686,85,338,1.19985,2.677191025019506
222,1057.6719292375817,1577,1313,4.99125,8.985999173630221
223,1059.4018240165622,544,324,1.3616,4.178668358388945
224,1061.7218014954803,2126,643,3.0943000000000005,4.208191442750601
225,1065.7089908926196,435,101,0.5989500000000001,1.198652230786285
226,1068.8300984877228,213,151,0.65905,1.8627675835307356
227,1074.1145058076825,541,243,1.10105,2.121241032400036
228,1085.4922931132346,80,393,1.3736000000000002,2.01727228669965
229,1090.3678319948588,288,287,1.1280000000000001,3.902958946342487
230,1094.9128519420858,357,83,0.50625,0.8178270271450263
231,1097.1719971316675,246,363,1.3523,3.5097912006998078
232,1099.4288702994108,471,129,0.70475,0.9846602866345668
233,1100.3819916139225,230,310,1.1755,3.3382976616937725
234,1121.7209422009048,1702,601,2.7691,9.95308675756321
235,1124.0574825544884,1116,1320,4.8062000000000005,9.440309873984557
236,1128.9606559324939,401,54,0.43325,0.748838322451751
237,1130.460016965577,1992,1244,4.9572,14.609276967436568
238,1132.1671789479142,1104,1021,3.8440000000000003,5.576437624143163
239,1133.1404863890311,590,419,1.6863000000000001,3.193708434994201
